ticket_id,customer_name,description,category,priority,status,resolved_by_team,solution,created_date,resolved_date,time_to_resolve_hours
TKT-2024-001,GlobalRetail Corp,"WMS dashboard showing incorrect inventory levels for SKU #12345. Physical count shows 500 units but system displays 750 units. This is affecting our pick operations and causing customer complaints.",Inventory Management,High,Resolved,L2-Inventory,"Performed inventory synchronization procedure: 1) Ran cycle count validation query 2) Executed inventory adjustment transaction (ADJ-789123) 3) Updated item master data to reflect correct on-hand quantities 4) Verified integration with ERP system. Issue caused by failed overnight sync job - implemented monitoring alert to prevent recurrence.",2024-05-15 09:30:00,2024-05-15 14:45:00,5.25
TKT-2024-002,MegaDistribution LLC,"Unable to generate Advanced Shipment Notice (ASN) for Purchase Order PO-445671. System throws error 'Invalid carrier configuration' when attempting to process outbound shipment to vendor location VL-8829.",EDI/Integration,Critical,Resolved,L2-Integration,"Identified missing carrier configuration in EDI setup. Resolution: 1) Added carrier code 'FEDX-GROUND' to carrier master table 2) Configured EDI transaction set 856 mapping for this carrier 3) Updated vendor location profile to include proper carrier assignment 4) Tested ASN generation successfully. Root cause: Recent vendor onboarding process missed carrier setup step.",2024-05-14 16:20:00,2024-05-15 08:15:00,15.92
TKT-2024-003,QuickLogistics Inc,"Labor Management System (LMS) not calculating incentive pay correctly for warehouse workers. Employee ID 5547 worked 8.5 hours but system shows 0 incentive hours despite exceeding standard productivity rates.",Labor Management,Medium,Resolved,L1-Support,"Issue resolved by refreshing labor standards cache: 1) Cleared LMS calculation cache via admin console 2) Re-ran payroll calculation job for affected pay period 3) Verified employee productivity metrics against updated standards 4) Confirmed incentive calculations now showing correctly. Standard procedure for cache-related calculation issues.",2024-05-13 11:45:00,2024-05-13 13:20:00,1.58
TKT-2024-004,TechWholesaler Co,"Receiving process freezing when scanning items with lot numbers. Barcode scanner input seems to hang the application after scanning lot-controlled items. Affecting entire receiving dock operations.",Warehouse Operations,Critical,Resolved,L2-Technical,"Database deadlock issue identified in lot tracking module. Resolution: 1) Applied database index optimization for lot_master table 2) Updated application timeout parameters in web.config 3) Implemented proper transaction isolation for lot scanning procedures 4) Deployed hotfix release 10.2.4a addressing concurrency issues. Performance monitoring shows significant improvement.",224-05-12 07:30:00,2024-05-12 17:45:00,10.25
TKT-2024-005,SmartSupply Chain,"Demand planning module showing forecast accuracy of only 45% when historical data indicates it should be around 75%. Seasonal adjustments and trend analysis appear to be functioning incorrectly.",Demand Planning,Medium,Resolved,L2-Analytics,"Forecast model recalibration required due to parameter drift. Solution: 1) Analyzed 18 months of historical forecast vs. actual data 2) Identified seasonal coefficient errors in Q4 holiday period 3) Recalibrated demand sensing algorithms using updated market data 4) Adjusted statistical model parameters for improved accuracy 5) Implemented weekly model validation checks.",2024-05-11 14:20:00,2024-05-13 16:30:00,50.17
TKT-2024-006,GlobalManufacturing Ltd,"Transportation Management System (TMS) not optimizing routes properly. System selecting higher cost carriers despite lower cost options being available in the same service level.",Transportation,High,Resolved,L1-Support,"Carrier rate table refresh needed. Resolution steps: 1) Updated carrier rate master with latest contracted rates 2) Verified rate effective dates and service level mappings 3) Cleared routing optimization cache 4) Re-ran route optimization for pending shipments 5) Confirmed system now selecting cost-optimal carriers. Monthly rate update procedure was overdue.",2024-05-10 10:15:00,2024-05-10 15:30:00,5.25
TKT-2024-007,MidwestDistributor,"Cycle count variance report showing numerous discrepancies but physical audits confirm inventory is accurate. System seems to be calculating variances incorrectly for serialized items.",Inventory Management,Medium,Open,L2-Inventory,"Investigation in progress: Initial analysis reveals potential issue with serial number tracking logic during cycle count processing. Working with development team to review cycle count variance calculation algorithm. Temporary workaround: Manual verification of serialized item variances before approving adjustments. Expected resolution within 48 hours.",2024-05-28 09:00:00,NULL,NULL
TKT-2024-008,RapidFulfillment Corp,"Pick path optimization not working efficiently in Zone B of warehouse. Pickers reporting significantly longer travel times compared to other zones despite similar order volumes and SKU density.",Warehouse Operations,Low,Resolved,L1-Support,"Pick path algorithm needed zone-specific recalibration: 1) Analyzed historical pick data for Zone B vs other zones 2) Identified sub-optimal travel sequence due to recent rack relocation 3) Updated warehouse layout mapping in system configuration 4) Recalculated optimal pick paths using current physical layout 5) Validated improvement with pilot test showing 15% travel time reduction.",2024-05-09 13:45:00,2024-05-11 11:20:00,45.58
TKT-2024-009,EliteLogistics Group,"Slotting recommendations module suggesting moves that don't align with actual pick frequency data. High-velocity SKUs being recommended for slower pick zones and vice versa.",Slotting Optimization,Medium,Resolved,L2-Analytics,"Slotting algorithm using outdated velocity data. Fix implemented: 1) Updated item velocity calculations to use rolling 90-day average instead of static annual data 2) Refreshed ABC classification based on current pick frequency 3) Recalibrated slotting optimization weights for velocity vs. cube utilization 4) Generated new slotting recommendations with improved accuracy 5) Scheduled monthly automatic velocity updates.",2024-05-08 16:10:00,2024-05-10 12:45:00,44.58
TKT-2024-010,PremiumRetail Solutions,"Cross-docking operations failing to automatically match inbound receipts with outbound shipments. Items being unnecessarily stored in pick locations instead of flowing directly through dock doors.",Cross Docking,High,Resolved,L2-Operations,"Cross-dock matching algorithm timeout issue resolved: 1) Identified performance bottleneck in real-time matching queries 2) Implemented database query optimization for cross-dock candidate selection 3) Adjusted matching time window parameters from 2 hours to 4 hours for better match rates 4) Enhanced exception handling for unmatched items 5) Added automated alerts for cross-dock opportunity identification. Match rate improved from 60% to 85%.",2024-05-07 08:25:00,2024-05-08 14:40:00,30.25
TKT-2024-011,FlexiFreight Systems,"Wave planning module creating waves with unbalanced workloads. Some waves have 2000+ lines while others have less than 100 lines, causing inefficient resource utilization.",Wave Management,Medium,Resolved,L1-Support,"Wave balancing parameters adjusted: 1) Updated wave planning rules to distribute order lines more evenly 2) Modified workload calculation algorithm to consider pick complexity 3) Set minimum and maximum wave size constraints 4) Reconfigured wave release schedule for better resource alignment. Wave variance reduced from 80% to 15%.",2024-05-06 14:20:00,2024-05-07 09:15:00,18.92
TKT-2024-012,MetroDistribution Hub,"Automated replenishment system over-ordering slow-moving items while under-ordering fast movers. Safety stock calculations appear inverted for ABC classified items.",Replenishment,Critical,Resolved,L2-Analytics,"ABC classification and safety stock formulas corrected: 1) Identified reversed logic in replenishment calculation engine 2) Updated ABC velocity thresholds based on current sales data 3) Recalibrated safety stock multipliers for each classification 4) Validated min/max calculations against demand variability 5) Implemented quarterly ABC review process.",2024-05-05 22:30:00,2024-05-06 16:45:00,18.25
TKT-2024-013,SupplyChain Excellence,"Voice picking system not recognizing commands correctly, causing pickers to repeat instructions multiple times. Affecting productivity and causing user frustration.",Voice Technology,High,Resolved,L2-Technical,"Voice recognition calibration issue resolved: 1) Updated voice templates for warehouse environment 2) Adjusted microphone sensitivity settings 3) Retrained voice models for specific user accents 4) Implemented noise cancellation improvements 5) Provided refresher training to affected users. Recognition accuracy improved to 95%.",2024-05-04 10:45:00,2024-05-05 13:30:00,26.75
TKT-2024-014,GiantRetailer Corp,"Purchase order acknowledgment (POA) EDI transactions failing with error 'Segment UIT not found'. Vendors unable to confirm receipt of purchase orders.",EDI/Integration,High,Resolved,L2-Integration,"EDI mapping configuration error fixed: 1) Analyzed EDI 855 transaction set specification 2) Corrected missing UIT segment mapping in translator configuration 3) Updated partner profile for affected trading partners 4) Validated POA processing for all active vendors 5) Implemented EDI validation checks to prevent similar issues.",2024-05-03 16:15:00,2024-05-04 11:20:00,19.08
TKT-2024-015,QuickShip Logistics,"Yard management system showing incorrect trailer status. Trailers marked as 'At Dock' when they are actually 'In Yard', causing confusion for dock scheduling.",Yard Management,Medium,Resolved,L1-Support,"Trailer status synchronization issue resolved: 1) Refreshed yard management interface connections 2) Updated trailer location tracking rules 3) Cleared status cache and reinitialized tracking 4) Verified RFID reader connectivity and calibration 5) Implemented automated status validation checks every 15 minutes.",2024-05-02 11:30:00,2024-05-02 16:45:00,5.25
TKT-2024-016,FastTrack Distribution,"Kitting operations creating incorrect kit configurations. System adding wrong components to Kit SKU KIT-7890, causing quality issues and customer returns.",Kitting/Assembly,Critical,Resolved,L2-Operations,"Kit bill of materials (BOM) synchronization error fixed: 1) Identified outdated BOM version in kitting module 2) Updated kit configuration with latest engineering changes 3) Validated component availability and substitution rules 4) Reconfigured quality control checkpoints 5) Trained staff on new kit verification procedures.",2024-05-01 08:00:00,2024-05-01 17:30:00,9.5
TKT-2024-017,DynamicSupply Co,"Returns processing module not generating proper return merchandise authorization (RMA) numbers. System throwing null reference exception during RMA creation.",Returns Management,High,Resolved,L2-Technical,"RMA number generation sequence corruption resolved: 1) Identified database sequence overflow issue 2) Reset RMA number sequence with proper increment values 3) Updated return processing workflow to handle sequence gaps 4) Implemented exception handling for RMA generation failures 5) Added monitoring alerts for sequence threshold warnings.",2024-04-30 13:45:00,2024-05-01 10:20:00,20.58
TKT-2024-018,MegaWarehouse Inc,"Putaway suggestions directing items to incorrect locations. System recommending forward pick locations for bulk items and reserve locations for fast-moving SKUs.",Putaway Optimization,Medium,Resolved,L2-Analytics,"Putaway algorithm logic error corrected: 1) Analyzed item velocity and cube characteristics 2) Updated location type assignment rules 3) Recalibrated putaway optimization weights 4) Validated location capacity constraints 5) Implemented weekly putaway performance analysis. Putaway efficiency improved by 25%.",2024-04-29 09:20:00,2024-04-30 14:15:00,28.92
TKT-2024-019,UltraLogistics Group,"Dock door assignment system creating conflicts. Multiple trucks scheduled for same dock door simultaneously, causing delays and congestion.",Dock Scheduling,High,Resolved,L1-Support,"Dock scheduling conflict resolution implemented: 1) Identified overlapping appointment time slots 2) Updated dock door availability checking logic 3) Implemented appointment buffer time settings 4) Added conflict detection warnings in scheduling interface 5) Reconfigured automatic dock door assignment rules.",2024-04-28 07:15:00,2024-04-28 15:40:00,8.42
TKT-2024-020,SmartDistribution Ltd,"Picking accuracy falling below target KPIs. Error rate increased from 99.5% to 96.8% over past month without obvious operational changes.",Quality Control,Critical,Resolved,L2-Analytics,"Pick accuracy analysis and corrective actions: 1) Analyzed error patterns by picker, location, and SKU 2) Identified systematic errors in similar SKU locations 3) Implemented enhanced location verification requirements 4) Updated picker training on look-alike SKUs 5) Deployed additional quality checkpoints. Accuracy restored to 99.2%.",2024-04-27 14:30:00,2024-04-29 11:45:00,45.25
TKT-2024-021,GlobalFreight Corp,"Freight audit system not catching billing errors from carriers. System approving invoices that exceed contracted rates by 15-20%.",Freight Audit,High,Resolved,L2-Integration,"Freight audit validation rules updated: 1) Refreshed carrier rate tables with latest contract terms 2) Enhanced audit tolerance parameters 3) Implemented multi-level rate validation checks 4) Added exception reporting for rate variances 5) Configured automated holds for invoices exceeding thresholds. Cost savings of $50K/month achieved.",2024-04-26 16:00:00,2024-04-27 12:30:00,20.5
TKT-2024-022,RapidResponse Logistics,"Inventory allocation engine not reserving stock for high-priority orders. VIP customer orders showing backorder status while inventory shows available.",Order Management,Critical,Resolved,L2-Operations,"Order priority allocation logic corrected: 1) Updated allocation rules to prioritize VIP customers 2) Implemented reservation hierarchy based on customer tier 3) Enhanced available-to-promise (ATP) calculations 4) Added real-time allocation monitoring 5) Configured automatic escalation for VIP backorders. VIP fulfillment rate improved to 99.8%.",2024-04-25 12:15:00,2024-04-26 08:45:00,20.5
TKT-2024-023,TechDistributor Plus,"Cycle count variance approvals taking too long due to workflow bottlenecks. Counts pending approval for 5+ days, delaying inventory adjustments.",Inventory Management,Medium,Resolved,L1-Support,"Cycle count approval workflow optimized: 1) Increased automatic approval thresholds for small variances 2) Implemented parallel approval process for large variances 3) Added escalation rules for overdue approvals 4) Configured email notifications for pending reviews 5) Updated approval authority matrix. Average approval time reduced from 5 days to 8 hours.",2024-04-24 10:45:00,2024-04-25 16:20:00,29.58
TKT-2024-024,FlexiFlow Systems,"Pick confirmation scanning requiring multiple attempts. Barcode scanner integration intermittently failing, slowing down pick operations significantly.",Warehouse Operations,High,Resolved,L2-Technical,"Barcode scanner connectivity issues resolved: 1) Updated scanner driver software to latest version 2) Optimized wireless network configuration in warehouse zones 3) Implemented connection retry logic in scanning application 4) Added scanner health monitoring and alerts 5) Established preventive maintenance schedule. Scan success rate improved to 99.7%.",2024-04-23 08:30:00,2024-04-24 14:15:00,29.75
TKT-2024-025,SuperiorSupply Chain,"Demand forecasting module producing negative forecast values for seasonal items. System showing -500 units demand for holiday merchandise during peak season.",Demand Planning,Critical,Resolved,L2-Analytics,"Seasonal forecasting algorithm bug fixed: 1) Identified integer overflow in seasonal calculation routine 2) Updated statistical model to handle large seasonal multipliers 3) Implemented data validation to prevent negative forecasts 4) Recalibrated seasonal factors using 3-year historical data 5) Added forecast reasonableness checks. Forecast accuracy improved by 30%.",2024-04-22 15:20:00,2024-04-23 17:45,26.42
TKT-2024-026,MidTier Logistics,"Shipping label printing randomly fails with error 'Printer not responding'. Multiple label printers affected across different zones simultaneously.",Label Printing,High,Resolved,L1-Support,"Label printer network issues resolved: 1) Identified network congestion during peak printing times 2) Implemented print queue load balancing across printers 3) Updated printer firmware and network configurations 4) Added printer status monitoring and failover logic 5) Configured automatic printer health checks. Print failure rate reduced from 12% to 0.5%.",2024-04-21 11:00:00,2024-04-22 09:30:00,22.5
TKT-2024-027,EliteDistribution Corp,"Container load planning suggesting inefficient configurations. System not optimizing cube utilization, resulting in 30% wasted trailer space.",Load Planning,Medium,Resolved,L2-Operations,"Load optimization algorithm enhanced: 1) Updated cube calculation logic for irregular-shaped items 2) Implemented 3D bin packing optimization 3) Added weight distribution constraints 4) Enhanced mixed-pallet loading rules 5) Validated load configurations against carrier specifications. Cube utilization improved from 70% to 92%.",2024-04-20 13:45:00,2024-04-22 10:15:00,44.5
TKT-2024-028,QuickTurn Fulfillment,"Pick list generation taking excessive time during peak hours. Lists that normally generate in 2 minutes now taking 15-20 minutes.",Performance,Critical,Resolved,L2-Technical,"Database performance optimization completed: 1) Identified slow-running queries in pick list generation 2) Added database indexes on frequently accessed columns 3) Optimized join operations and query execution plans 4) Implemented query result caching for common scenarios 5) Upgraded database server memory allocation. Generation time reduced to 30 seconds average.",2024-04-19 16:30:00,2024-04-20 11:45:00,19.25
TKT-2024-029,AgileWarehouse Solutions,"Receiving discrepancy reports showing false positives. System flagging exact quantity matches as discrepancies, causing unnecessary research time.",Receiving,Medium,Resolved,L1-Support,"Receiving tolerance calculation error fixed: 1) Identified rounding error in quantity comparison logic 2) Updated tolerance thresholds for exact matches 3) Enhanced discrepancy validation rules 4) Implemented precision handling for decimal quantities 5) Added exception reporting for system-flagged matches. False positive rate reduced from 25% to 2%.",2024-04-18 09:15:00,2024-04-19 12:40:00,27.42
TKT-2024-030,ProActive Logistics,"Inbound appointment scheduling allowing overbooking. System accepting 8 appointments for 6 available dock doors, causing delays and vendor complaints.",Appointment Scheduling,High,Resolved,L2-Operations,"Appointment booking validation enhanced: 1) Implemented real-time dock door availability checking 2) Added appointment duration and buffer time calculations 3) Enhanced overbooking prevention logic 4) Updated vendor portal with accurate availability display 5) Configured automatic waitlist management. Overbooking incidents reduced to zero.",2024-04-17 14:50:00,2024-04-18 16:25:00,25.58
TKT-2024-031,NextGen Distribution,"Lot tracking losing trace on commingled items. System unable to maintain lot segregation when multiple lots of same SKU are stored together.",Lot Tracking,Critical,Resolved,L2-Technical,"Lot segregation algorithm redesigned: 1) Updated lot tracking data model for better granularity 2) Implemented FIFO/FEFO compliance validation 3) Enhanced lot mixing prevention controls 4) Added lot genealogy tracking capabilities 5) Configured lot expiration monitoring and alerts. Lot traceability accuracy achieved 100%.",2024-04-16 11:20:00,2024-04-17 18:35:00,31.25
TKT-2024-032,StreamlineSupply Co,"Task interleaving not optimizing efficiently. System assigning pickers to distant locations instead of nearby tasks, increasing travel time.",Task Management,Medium,Resolved,L2-Analytics,"Task optimization algorithm improved: 1) Enhanced location-based task assignment logic 2) Implemented travel time calculation in task prioritization 3) Added picker skill-based task matching 4) Updated interleaving rules for multi-zone operations 5) Configured dynamic task rebalancing. Travel time reduced by 40%.",2024-04-15 10:35:00,2024-04-16 15:20:00,28.75
TKT-2024-033,VelocityLogistics Group,"Cartonization engine selecting oversized boxes for small items. System recommending large boxes for single small items, increasing shipping costs significantly.",Cartonization,High,Resolved,L1-Support,"Cartonization rules optimization: 1) Updated box selection algorithm to prioritize smallest suitable container 2) Enhanced cube utilization calculations 3) Implemented shipping cost considerations in box selection 4) Added validation for minimum fill requirements 5) Configured box type restrictions by item category. Shipping cost reduced by 22%.",2024-04-14 08:45:00,2024-04-15 11:30:00,26.75
TKT-2024-034,PrecisionWarehouse Inc,"Quality control checkpoints missing items that should be inspected. System allowing high-value items to bypass QC stations without proper verification.",Quality Control,Critical,Resolved,L2-Operations,"QC routing logic enhanced: 1) Updated item classification rules for QC requirements 2) Implemented mandatory QC flags for high-value items 3) Enhanced exception handling for QC bypass attempts 4) Added QC compliance monitoring and reporting 5) Configured automatic escalation for QC violations. QC compliance rate improved to 99.9%.",2024-04-13 13:15:00,2024-04-14 16:40:00,27.42
TKT-2024-035,OptimalFlow Logistics,"Wave release timing causing resource conflicts. Multiple waves releasing simultaneously, overwhelming pick capacity and creating bottlenecks.",Wave Management,High,Resolved,L2-Operations,"Wave release scheduling optimized: 1) Implemented intelligent wave timing based on resource availability 2) Added capacity constraint validation before wave release 3) Enhanced workload balancing across multiple shifts 4) Configured automatic wave delay for resource conflicts 5) Updated wave priority rules for critical orders. Resource utilization improved by 35%.",2024-04-12 12:00:00,2024-04-13 14:45:00,26.75
TKT-2024-036,DynamicDistribution Ltd,"Inventory adjustment approvals creating audit trail gaps. System not properly logging approval workflows, failing compliance requirements.",Compliance,Critical,Resolved,L2-Technical,"Audit trail logging enhanced: 1) Implemented comprehensive approval workflow logging 2) Added user authentication tracking for all adjustments 3) Enhanced data integrity validation and timestamping 4) Updated compliance reporting capabilities 5) Configured automated audit trail backup procedures. Audit compliance achieved 100%.",2024-04-11 15:30:00,2024-04-12 17:20:00,25.83
TKT-2024-037,RushOrder Fulfillment,"Pick path optimization ignoring picker preferences. System generating paths that contradict established picker zone assignments, reducing efficiency.",Warehouse Operations,Medium,Resolved,L1-Support,"Pick path configuration updated: 1) Integrated picker zone assignment preferences 2) Updated path optimization to respect picker expertise areas 3) Enhanced workload distribution within assigned zones 4) Added picker performance tracking by zone 5) Configured flexible zone assignment for peak periods. Picker productivity increased by 18%.",2024-04-10 09:50:00,2024-04-11 13:25:00,27.58
TKT-2024-038,ComprehensiveLogistics,"Return reason code mapping incorrect. System assigning wrong return categories, affecting vendor chargebacks and restocking decisions.",Returns Management,Medium,Resolved,L2-Integration,"Return reason code mapping corrected: 1) Updated return category definitions and mappings 2) Enhanced automated reason code assignment logic 3) Implemented vendor-specific return processing rules 4) Added return disposition workflow improvements 5) Configured return analytics and trending reports. Return processing accuracy improved to 94%.",2024-04-09 14:20:00,2024-04-10 16:45:00,26.42
TKT-2024-039,FlexiSupply Systems,"Allocations not considering customer credit limits. System overselling to customers with insufficient credit, creating collection risks.",Order Management,High,Resolved,L2-Integration,"Credit limit validation integrated: 1) Connected order allocation system to credit management module 2) Implemented real-time credit checking during allocation 3) Added credit hold workflow for exceeded limits 4) Enhanced customer payment terms validation 5) Configured automated credit alerts and notifications. Credit compliance achieved 100%.",2024-04-08 11:40:00,2024-04-09 15:15:00,27.58
TKT-2024-040,TurboDistribution Co,"Slotting recommendations not considering pick face requirements. System suggesting locations that cannot accommodate proper pick faces for high-volume SKUs.",Slotting Optimization,Medium,Resolved,L2-Analytics,"Slotting algorithm enhanced for pick face optimization: 1) Added pick face requirement calculations to slotting logic 2) Integrated location dimensions and pick face capacity 3) Enhanced velocity-based slotting with ergonomic considerations 4) Updated slotting simulation and validation tools 5) Configured pick face utilization monitoring. Pick efficiency improved by 28%.",2024-04-07 10:25:00,2024-04-08 17:50:00,31.42
TKT-2024-041,MaxEfficiency Logistics,"Picking productivity reports showing inconsistent metrics. Same picker performance displaying different values in various reports, causing confusion.",Reporting,Medium,Resolved,L1-Support,"Report calculation standardization completed: 1) Identified inconsistent calculation methods across reports 2) Standardized productivity metrics definitions 3) Updated report generation to use consistent data sources 4) Enhanced data validation and reconciliation procedures 5) Implemented report accuracy verification checks. Report consistency achieved 100%.",2024-04-06 13:10:00,2024-04-07 11:35:00,22.42
TKT-2024-042,PeakPerformance Warehousing,"Automated guided vehicles (AGVs) not following optimal routes. AGVs taking longer paths and creating traffic congestion in narrow aisles.",Automation,High,Resolved,L2-Technical,"AGV routing algorithm optimized: 1) Updated warehouse layout mapping for AGV navigation 2) Implemented dynamic routing based on real-time traffic 3) Enhanced collision avoidance and path planning 4) Added AGV performance monitoring and analytics 5) Configured traffic flow optimization during peak hours. AGV efficiency improved by 32%.",2024-04-05 16:45:00,2024-04-06 19:20:00,26.58
TKT-2024-043,AdvancedSupply Chain,"Cross-dock flow-through percentage declining. Items that should flow directly are being unnecessarily putaway, reducing cross-dock efficiency.",Cross Docking,High,Resolved,L2-Operations,"Cross-dock matching criteria refined: 1) Updated flow-through eligibility rules 2) Enhanced inbound-outbound order matching logic 3) Implemented real-time cross-dock opportunity identification 4) Added cross-dock performance metrics and alerts 5) Configured automatic putaway prevention for eligible items. Flow-through rate improved from 65% to 87%.",2024-04-04 12:30:00,2024-04-05 15:45:00,27.25
TKT-2024-044,InnovativeLogistics Inc,"Vendor compliance scoring not reflecting actual performance. High-performing vendors showing low scores while problem vendors score highly.",Vendor Management,Medium,Resolved,L2-Analytics,"Vendor scoring algorithm recalibrated: 1) Updated compliance metrics weighting and calculations 2) Enhanced performance data collection and validation 3) Implemented trending analysis for score accuracy 4) Added vendor performance benchmarking capabilities 5) Configured automated vendor scorecards and alerts. Scoring accuracy improved by 45%.",2024-04-03 09:15:00,2024-04-04 14:30:00,29.25
TKT-2024-045,ExpressDistribution Corp,"Shipment consolidation rules creating suboptimal loads. System combining orders that increase handling complexity instead of reducing costs.",Shipping,Medium,Resolved,L1-Support,"Consolidation logic optimization: 1) Updated consolidation rules to prioritize handling efficiency 2) Enhanced cost-benefit analysis for consolidation decisions 3) Implemented destination-based consolidation preferences 4) Added handling complexity scoring to consolidation logic 5) Configured consolidation performance monitoring. Shipping efficiency improved by 23%.",2024-04-02 14:40:00,2024-04-03 16:55:00,26.25
TKT-2024-046,EliteOperations Group,"Kitting component shortage alerts not triggering timely. System detecting shortages after kitting operations have already started, causing delays.",Kitting/Assembly,High,Resolved,L2-Operations,"Kit component availability monitoring enhanced: 1) Implemented real-time component availability checking 2) Added proactive shortage alerting before kit scheduling 3) Enhanced component reservation and allocation logic 4) Updated kit production planning with availability constraints 5) Configured automatic kit delay notifications. Kit completion rate improved to 98%.",2024-04-01 11:20:00,2024-04-02 13:35:00,26.25
TKT-2024-047,Strategic Warehousing,"Labor standards not reflecting actual performance capabilities. Standards too aggressive for complex picking tasks, affecting morale and accuracy.",Labor Management,Medium,Resolved,L2-Analytics,"Labor standards recalibration completed: 1) Conducted time and motion studies for complex tasks 2) Updated standards to reflect realistic performance expectations 3) Implemented task complexity factors in standard calculations 4) Enhanced standards maintenance and review procedures 5) Added performance variance analysis and adjustment triggers. Employee satisfaction improved by 30%.",2024-03-31 08:30:00,2024-04-01 16:45:00,32.25
TKT-2024-048,ProLogistics Solutions,"Putaway delay reports not identifying root causes. System showing delays but not analyzing underlying reasons, preventing corrective action.",Analytics,Medium,Resolved,L2-Analytics,"Putaway delay analysis enhanced: 1) Implemented root cause analysis capabilities 2) Added delay categorization and trending analysis 3) Enhanced reporting to identify systemic issues 4) Updated delay threshold settings and alerting 5) Configured automated corrective action recommendations. Problem resolution time reduced by 50%.",2024-03-30 15:15:00,2024-03-31 12:40:00,21.42
TKT-2024-049,UltimateSupply Chain,"Dock equipment scheduling conflicts. Forklifts and dock plates double-booked, creating operational delays and safety concerns.",Equipment Management,High,Resolved,L1-Support,"Equipment scheduling system enhanced: 1) Implemented real-time equipment availability tracking 2) Added conflict detection and prevention logic 3) Enhanced equipment maintenance scheduling integration 4) Updated reservation system with buffer times 5) Configured equipment utilization monitoring and alerts. Scheduling conflicts reduced to zero.",2024-03-29 10:50:00,2024-03-30 08:15:00,21.42
TKT-2024-050,NextLevel Logistics,"Inventory velocity classification outdated. Fast-moving items classified as slow movers, affecting slotting and replenishment decisions.",Inventory Management,Medium,Resolved,L2-Analytics,"Velocity classification algorithm updated: 1) Implemented rolling velocity calculations based on recent sales 2) Enhanced ABC classification with seasonal adjustments 3) Added velocity trend analysis and forecasting 4) Updated classification thresholds based on current data 5) Configured automated monthly velocity reviews. Classification accuracy improved by 40%.",2024-03-28 13:25:00,2024-03-29 17:10:00,27.75
TKT-2024-051,PremierDistribution Ltd,"Order batching creating unbalanced workloads. Some batches with 200 lines while others have 20 lines, causing picker idle time.",Order Management,Medium,Resolved,L1-Support,"Order batching algorithm balanced: 1) Updated batching rules for consistent line counts 2) Enhanced workload balancing across picker teams 3) Implemented dynamic batch sizing based on complexity 4) Added batch performance monitoring and optimization 5) Configured automatic batch rebalancing triggers. Picker utilization improved by 25%.",2024-03-27 09:40:00,2024-03-28 14:20:00,28.67
TKT-2024-052,HighVelocity Warehousing,"Replenishment triggers not considering pick face depletion rates. System replenishing too early or too late, affecting pick efficiency.",Replenishment,High,Resolved,L2-Operations,"Replenishment timing optimization: 1) Enhanced depletion rate calculations for accurate timing 2) Implemented predictive replenishment based on pick velocity 3) Added pick face capacity optimization 4) Updated replenishment priority rules 5) Configured real-time pick face monitoring. Pick efficiency improved by 30%.",2024-03-26 14:55:00,2024-03-27 16:30:00,25.58
TKT-2024-053,TotalLogistics Corp,"Cycle count scheduling creating conflicts with operational activities. Counts scheduled during peak picking times, disrupting workflows.",Inventory Management,Medium,Resolved,L1-Support,"Cycle count scheduling optimization: 1) Integrated cycle count planning with operational schedules 2) Implemented activity-based count timing 3) Enhanced conflict detection and avoidance 4) Added flexible count scheduling for off-peak periods 5) Configured count productivity tracking and optimization. Operational disruption reduced by 70%.",2024-03-25 11:15:00,2024-03-26 13:50:00,26.58
TKT-2024-054,SmartFlow Logistics,"Wave template configuration causing performance issues. Wave sizes too large, overwhelming system resources and causing processing delays.",Wave Management,Critical,Resolved,L2-Technical,"Wave template optimization completed: 1) Analyzed system capacity and performance constraints 2) Updated wave sizing rules for optimal processing 3) Implemented wave splitting for large orders 4) Enhanced resource allocation for wave processing 5) Configured wave performance monitoring and alerts. Processing time reduced by 60%.",2024-03-24 17:20:00,2024-03-25 14:45:00,21.42
TKT-2024-055,OptiFlow Distribution,"Pick location replenishment creating pick conflicts. System replenishing locations while picks are in progress, causing delays and errors.",Replenishment,High,Resolved,L2-Operations,"Replenishment conflict prevention implemented: 1) Added real-time pick activity monitoring 2) Implemented replenishment scheduling with pick coordination 3) Enhanced location locking during active picks 4) Updated replenishment timing based on pick patterns 5) Configured conflict detection and automatic rescheduling. Pick conflicts reduced to zero.",2024-03-23 08:30:00,2024-03-24 11:15:00,26.75
TKT-2024-056,DynamicFlow Systems,"Returns disposition logic not considering restocking costs. System recommending restock for items where disposal would be more cost-effective.",Returns Management,Medium,Resolved,L2-Analytics,"Returns disposition optimization: 1) Implemented cost-benefit analysis for disposition decisions 2) Enhanced restocking cost calculations 3) Added market value assessment for returned items 4) Updated disposition rules with profitability considerations 5) Configured disposition recommendation accuracy tracking. Cost savings achieved 18%.",2024-03-22 12:45:00,2024-03-23 15:20:00,26.58
TKT-2024-057,FlexibleLogistics Group,"Appointment scheduling not considering processing time requirements. System scheduling appointments too close together for complex receipts.",Appointment Scheduling,High,Resolved,L1-Support,"Appointment timing enhanced with processing requirements: 1) Added receipt complexity analysis to scheduling 2) Implemented variable appointment durations 3) Enhanced buffer time calculations 4) Updated appointment capacity planning 5) Configured processing time estimation and validation. Schedule adherence improved to 95%.",2024-03-21 15:10:00,2024-03-22 10:35:00,19.42
TKT-2024-058,MegaFlow Warehousing,"Quality inspection workflows bypassing required checks. System allowing items to ship without completing mandatory quality validations.",Quality Control,Critical,Resolved,L2-Operations,"Quality workflow compliance enforcement: 1) Implemented mandatory quality gate validations 2) Enhanced quality checkpoint tracking and verification 3) Added quality hold capabilities for incomplete checks 4) Updated shipping prevention for failed quality items 5) Configured quality compliance monitoring and alerts. Quality compliance achieved 100%.",2024-03-20 13:30:00,2024-03-21 16:15:00,26.75
TKT-2024-059,AdvancedFlow Corp,"Carrier rate shopping not finding optimal rates. System selecting higher-cost carriers despite better options being available.",Transportation,High,Resolved,L2-Integration,"Carrier rate optimization enhanced: 1) Updated rate shopping algorithm with comprehensive carrier comparison 2) Enhanced rate validation and accuracy checking 3) Implemented service level consideration in rate selection 4) Added carrier performance factors to selection criteria 5) Configured rate optimization monitoring and reporting. Shipping costs reduced by 15%.",2024-03-19 10:20:00,2024-03-20 12:45:00,26.42
TKT-2024-060,FastTrack Logistics,"Order allocation engine not reserving inventory for high-priority orders. Customer priority level 'A' orders being allocated same inventory as standard orders, causing delays in premium shipments.",Order Management,High,Resolved,L2-OrderMgmt,"Priority allocation logic error in order processing rules. Fix implemented: 1) Updated allocation priority matrix in system configuration 2) Modified order ranking algorithm to properly weight customer priority scores 3) Rebuilt allocation engine cache with corrected parameters 4) Tested with sample high-priority orders to verify proper reservation sequence.",2024-05-09 08:45:00,2024-05-09 16:20:00,7.58
TKT-2024-061,RapidShip Distributors,"Cycle count discrepancies generating false variance reports. Physical counts match system but variance reports showing phantom discrepancies for location BIN-A-045 through BIN-A-052.",Inventory Management,Medium,Resolved,L1-Support,"Location master data corruption detected. Resolution: 1) Identified corrupted location records in warehouse_locations table 2) Restored location data from previous backup 3) Rebuilt location hierarchy structure 4) Re-executed cycle count variance calculations 5) Verified accuracy of variance reporting across affected bin ranges.",2024-05-08 13:30:00,2024-05-09 09:15:00,19.75
TKT-2024-062,MegaWarehouse Solutions,"Pick path optimization showing inefficient routes. Workers walking 40% more steps than necessary according to travel time analysis. Slotting logic appears to ignore pick frequency data.",Warehouse Operations,Medium,Resolved,L2-Technical,"Slotting algorithm configuration issue identified. Solution: 1) Analyzed current slotting parameters vs. actual pick frequency data 2) Updated velocity-based slotting rules to prioritize high-frequency items 3) Reconfigured pick path optimization to use shortest travel distance algorithm 4) Re-slotted top 500 SKUs based on updated criteria 5) Implemented weekly slotting performance review process.",2024-05-07 14:15:00,2024-05-08 11:30:00,21.25
TKT-2024-063,ProDistribution Inc,"Wave planning module creating unbalanced waves. Some waves have 200+ orders while others have fewer than 20, causing uneven workload distribution across picking teams.",Wave Management,High,Resolved,L2-WaveMgmt,"Wave balancing parameters incorrectly configured. Fix applied: 1) Adjusted wave sizing criteria to target 80-120 orders per wave 2) Updated wave release logic to consider picker capacity 3) Implemented workload balancing algorithm based on pick complexity 4) Modified wave template configurations for different order types 5) Added real-time wave monitoring dashboard for supervisors.",2024-05-06 16:45:00,2024-05-07 10:20:00,17.58
TKT-2024-064,ChainStore Logistics,"Returns processing system not updating inventory availability. Returned items showing as 'Received' status but not adding back to available inventory pool for allocation.",Returns Management,Critical,Resolved,L2-Inventory,"Inventory status update workflow broken in returns module. Resolution: 1) Identified missing trigger in returns_processing table 2) Recreated inventory update stored procedure with proper error handling 3) Implemented automatic inventory adjustment posting 4) Added validation checks for return-to-stock criteria 5) Processed backlog of 847 pending returns transactions.",2024-05-05 11:20:00,2024-05-06 14:35:00,27.25
TKT-2024-065,ExpressLogistics Corp,"Shipping label generation failing for international orders. Customs documentation not populating correctly for shipments to Canada and Mexico, causing carrier rejection.",Shipping,Critical,Resolved,L1-Support,"Missing customs form templates in shipping configuration. Fix: 1) Installed updated customs form templates for NAFTA countries 2) Configured commodity code mapping for top 200 SKUs 3) Updated shipping rules to require customs documentation for international orders 4) Tested label generation for various destination countries 5) Trained shipping team on new customs documentation requirements.",2024-05-04 09:10:00,2024-05-04 17:45:00,8.58
TKT-2024-066,GlobalSupply Partners,"Replenishment system over-ordering slow-moving items. SKUs with velocity class 'D' receiving purchase suggestions despite having 90+ days of inventory on hand.",Replenishment,Medium,Resolved,L2-Analytics,"Replenishment parameters not accounting for velocity classification. Solution: 1) Updated min/max calculation logic to factor in velocity codes 2) Adjusted safety stock formulas for slow-moving items 3) Implemented velocity-based reorder point calculations 4) Modified purchase suggestion algorithms to prevent over-stocking 5) Added inventory aging reports to monitor slow-moving stock levels.",2024-05-03 15:30:00,2024-05-04 12:45:00,21.25
TKT-2024-067,UltraFast Fulfillment,"Cross-docking operations showing incorrect dock door assignments. Inbound and outbound trailers being assigned to same dock doors, creating scheduling conflicts.",Cross-Docking,High,Resolved,L2-YardMgmt,"Dock scheduling algorithm conflict resolution error. Fix implemented: 1) Updated dock assignment logic to prevent double-booking 2) Added time buffer requirements between inbound/outbound operations 3) Configured dock door priority rules for different trailer types 4) Implemented real-time dock availability monitoring 5) Created automated alerts for scheduling conflicts.",2024-05-02 12:15:00,2024-05-03 08:30:00,20.25
TKT-2024-068,PrimeDistribution LLC,"Inventory tracking losing sync during high-volume periods. Transaction logs showing missing movement records during peak processing hours between 2-4 PM daily.",Inventory Management,Critical,Resolved,L2-Technical,"Database performance bottleneck during peak transaction periods. Resolution: 1) Identified slow-running queries in inventory movement procedures 2) Added database indexes for frequently queried transaction tables 3) Implemented query optimization for high-volume operations 4) Configured connection pooling to handle peak loads 5) Added database performance monitoring alerts.",2024-05-01 14:20:00,2024-05-02 11:15:00,20.92
TKT-2024-069,SpeedyShip Logistics,"Kitting operations module not calculating correct component requirements. Kit SKU #KIT-7890 requiring 3 units of component C-123 but system only allocating 2 units per kit.",Kitting,Medium,Resolved,L1-Support,"Bill of Materials (BOM) data inconsistency detected. Fix: 1) Validated BOM structure for affected kit items 2) Corrected component quantity relationships in product master 3) Updated kitting allocation rules to reference correct BOM data 4) Re-processed pending kit orders with corrected components 5) Added BOM validation checks to prevent future inconsistencies.",2024-04-30 10:45:00,2024-04-30 14:20:00,3.58
TKT-2024-070,MetroWarehouse Corp,"Automated storage and retrieval system (ASRS) experiencing communication timeouts. Crane operations failing intermittently with 'Device not responding' errors every 2-3 hours.",Warehouse Automation,Critical,Resolved,L2-Technical,"ASRS controller network connectivity issues identified. Solution: 1) Diagnosed network latency spikes in warehouse automation subnet 2) Replaced faulty network switch in ASRS control cabinet 3) Updated crane controller firmware to latest stable version 4) Reconfigured network timeout parameters for improved reliability 5) Implemented continuous network monitoring for automation systems.",2024-04-29 16:30:00,2024-04-30 09:45:00,17.25
TKT-2024-071,FlexiLogistics Inc,"Task management system not balancing workload across pickers. Some workers receiving 50+ picks while others have fewer than 10, despite similar productivity ratings.",Task Management,Medium,Resolved,L2-WMS,"Task assignment algorithm not considering current workload distribution. Fix applied: 1) Updated task balancing logic to monitor real-time picker workloads 2) Implemented fair distribution algorithm based on picker capacity 3) Added workload monitoring dashboard for supervisors 4) Configured automatic task rebalancing triggers 5) Created performance metrics to track workload distribution effectiveness.",2024-04-28 13:45:00,2024-04-29 10:30:00,20.75
TKT-2024-072,RapidResponse Dist,"Vendor compliance scoring system showing incorrect ratings. Vendor performance metrics not reflecting actual on-time delivery and quality scores from recent shipments.",Vendor Management,Medium,Resolved,L2-Analytics,"Vendor scorecard calculation engine using outdated data source. Resolution: 1) Identified stale data connections in vendor performance module 2) Updated data refresh procedures to pull latest delivery metrics 3) Recalibrated scoring algorithms with recent performance data 4) Added automated data validation checks for vendor scorecards 5) Implemented weekly vendor performance reporting automation.",2024-04-27 11:20:00,2024-04-28 15:45:00,28.42
TKT-2024-073,GlobalChain Services,"Outbound trailer loading optimization suggesting inefficient load plans. System recommending multiple partial loads instead of consolidated full trailer loads.",Transportation,High,Resolved,L1-Support,"Load optimization parameters set incorrectly for trailer utilization. Fix: 1) Updated load building algorithm to prioritize trailer fill rates 2) Adjusted optimization criteria to favor consolidated shipments 3) Modified trailer capacity calculations to account for weight and cube constraints 4) Reconfigured load planning rules for different product categories 5) Added trailer utilization reporting to monitor load optimization effectiveness.",2024-04-26 14:10:00,2024-04-27 09:25:00,19.25
TKT-2024-074,TechFlow Warehousing,"Barcode printing system generating unreadable labels. Code 128 barcodes printing with insufficient contrast ratio, causing scanner read failures at 30% rate.",Label Printing,High,Resolved,L1-Support,"Printer calibration and settings optimization needed. Solution: 1) Recalibrated thermal printer heat settings for optimal contrast 2) Updated label template designs to meet GS1 barcode standards 3) Replaced worn print heads on 4 critical label printers 4) Implemented daily print quality testing procedures 5) Added automatic print quality monitoring alerts.",2024-04-25 08:30:00,2024-04-25 16:15:00,7.75
TKT-2024-075,SupplyMaster Corp,"Quality control module not triggering inspection holds. Items requiring quality inspection bypassing QC checkpoints and moving directly to available inventory.",Quality Control,Critical,Resolved,L2-QualityMgmt,"QC workflow rules not properly configured for inspection requirements. Fix implemented: 1) Updated item master data to include mandatory QC flags 2) Configured automatic inspection hold triggers for flagged items 3) Implemented QC routing rules based on supplier risk ratings 4) Added inspection status tracking throughout receiving process 5) Created QC performance dashboard for compliance monitoring.",2024-04-24 12:45:00,2024-04-25 11:30:00,22.75
TKT-2024-076,NextGen Logistics,"Putaway optimization directing items to incorrect storage locations. Fast-moving SKUs being assigned to remote pick locations while slow movers placed in prime real estate.",Putaway,Medium,Resolved,L2-Technical,"Location assignment logic not considering item velocity in putaway decisions. Resolution: 1) Updated putaway rules to prioritize velocity-based location assignment 2) Reconfigured location hierarchy to define pick zones by velocity class 3) Implemented dynamic slotting recommendations for optimal placement 4) Added location utilization analytics to monitor putaway effectiveness 5) Created weekly location optimization reports for warehouse management.",2024-04-23 15:20:00,2024-04-24 13:10:00,21.83
TKT-2024-077,ProActive Distribution,"Inventory adjustment approval workflow stuck in pending status. Adjustments requiring manager approval not generating notification emails or showing in approval queues.",Workflow,Medium,Resolved,L1-Support,"Email notification service configuration error in approval workflow. Fix: 1) Identified misconfigured SMTP settings in workflow engine 2) Updated email templates for inventory adjustment approvals 3) Repaired broken workflow routing for management approval 4) Processed backlog of 23 pending adjustment requests 5) Added workflow monitoring dashboard to track approval bottlenecks.",2024-04-22 09:15:00,2024-04-22 17:40:00,8.42
TKT-2024-078,EliteWarehousing LLC,"Damage tracking system not capturing damage photos properly. Image upload functionality failing with 'File size exceeded' errors despite photos being under 2MB limit.",Damage Management,Medium,Resolved,L2-Technical,"File upload configuration limits set too restrictively. Solution: 1) Increased maximum file size limits in web application settings 2) Optimized image compression algorithms to reduce file sizes 3) Updated database storage allocation for damage documentation 4) Implemented automatic image resizing for uploaded photos 5) Added file format validation to prevent upload errors.",2024-04-21 11:30:00,2024-04-22 08:45:00,21.25
TKT-2024-079,SwiftSupply Chain,"Picking accuracy reporting showing inflated error rates. System counting cancelled picks as picking errors, skewing accuracy metrics by approximately 15%.",Reporting,Medium,Resolved,L2-Analytics,"Picking accuracy calculation including cancelled transactions incorrectly. Fix applied: 1) Updated accuracy calculation logic to exclude cancelled picks 2) Modified reporting queries to filter out system-generated cancellations 3) Recalculated historical accuracy metrics with corrected formulas 4) Added pick cancellation reason code tracking for better analysis 5) Implemented accurate performance dashboards for picking teams.",2024-04-20 14:45:00,2024-04-21 12:20:00,21.58
TKT-2024-080,MaxEfficiency Dist,"Lot tracking system losing lot genealogy during transfer operations. Parent-child lot relationships not maintained when splitting lots across multiple locations.",Lot Tracking,High,Resolved,L2-Technical,"Lot genealogy data model missing relationship preservation logic. Resolution: 1) Updated lot transfer procedures to maintain parent-child relationships 2) Implemented lot genealogy validation checks during split operations 3) Added lot history tracking for complete traceability chain 4) Created lot relationship reporting for compliance purposes 5) Enhanced lot search functionality to include genealogy information.",2024-04-19 10:20:00,2024-04-20 16:45:00,30.42
TKT-2024-081,OptimalLogistics Inc,"Seasonal demand forecasting showing incorrect seasonal patterns. Winter product demand forecasts using summer historical data, resulting in 60% forecast errors.",Demand Planning,High,Resolved,L2-Analytics,"Seasonal pattern recognition algorithm mapping incorrect time periods. Fix: 1) Corrected seasonal pattern definitions in forecasting engine 2) Updated historical data mapping to properly align seasonal periods 3) Recalibrated demand models using correct seasonal coefficients 4) Implemented seasonal pattern validation checks 5) Added seasonal forecast accuracy monitoring and alerting.",2024-04-18 13:15:00,2024-04-19 11:45:00,22.5
TKT-2024-082,StreamlineWMS Corp,"Voice picking system not recognizing worker voice commands consistently. Speech recognition accuracy dropping to 70% causing productivity delays and pick errors.",Voice Picking,High,Resolved,L1-Support,"Voice recognition engine calibration drift identified. Solution: 1) Recalibrated voice recognition profiles for all active users 2) Updated speech recognition dictionary with warehouse-specific terminology 3) Replaced faulty headset microphones for 8 affected workers 4) Implemented weekly voice system calibration procedures 5) Added voice recognition accuracy monitoring dashboard.",2024-04-17 07:45:00,2024-04-17 15:30:00,7.75
TKT-2024-083,PrecisionPick LLC,"Multi-order picking not optimizing pick sequence properly. Pick paths requiring workers to revisit same aisles multiple times instead of completing zone-based picks efficiently.",Pick Optimization,Medium,Resolved,L2-Technical,"Pick path optimization algorithm not considering zone-based routing. Fix implemented: 1) Updated pick sequence algorithm to prioritize zone completion 2) Configured optimal pick path routing based on warehouse layout 3) Implemented zone-based batching for multi-order picks 4) Added pick path visualization tools for supervisors 5) Created pick efficiency metrics to monitor path optimization performance.",2024-04-16 12:30:00,2024-04-17 09:15:00,20.75
TKT-2024-084,AgileSupply Solutions,"Appointment scheduling system double-booking dock doors. Multiple inbound appointments scheduled for same dock door and time slot, causing truck queuing delays.",Yard Management,Critical,Resolved,L2-YardMgmt,"Appointment scheduling validation logic missing conflict detection. Resolution: 1) Implemented dock door availability checking in appointment system 2) Added time slot validation to prevent double-booking 3) Created appointment conflict resolution workflow 4) Updated yard management dashboard with real-time dock utilization 5) Added automated appointment confirmation emails with dock assignments.",2024-04-15 16:10:00,2024-04-16 10:25:00,18.25
TKT-2024-085,VelocityWarehousing,"Exception management system not escalating critical exceptions. High-priority inventory discrepancies and system errors remaining unresolved beyond SLA thresholds.",Exception Management,Critical,Resolved,L2-Support,"Exception escalation workflow not triggering automatic escalations. Fix: 1) Repaired escalation trigger logic in exception management module 2) Updated SLA thresholds for different exception priority levels 3) Configured automatic notification system for overdue exceptions 4) Implemented exception aging reports for management visibility 5) Added exception resolution tracking dashboard.",2024-04-14 11:45:00,2024-04-15 14:20:00,26.58
TKT-2024-086,DynamicDistribution Co,"Carrier rate shopping not finding optimal shipping rates. System selecting default carriers instead of comparing rates across all contracted carriers for cost optimization.",Rate Shopping,Medium,Resolved,L1-Support,"Rate shopping engine not accessing all carrier rate tables. Solution: 1) Updated carrier integration connections to include all contracted carriers 2) Refreshed rate tables with latest negotiated rates 3) Configured rate shopping algorithm to compare all available options 4) Added rate comparison reporting for shipping cost analysis 5) Implemented automated rate update procedures.",2024-04-13 09:20:00,2024-04-13 16:50:00,7.5
TKT-2024-087,InnovativeLogistics Ltd,"Slotting optimization recommendations not considering SKU cubic dimensions. System recommending small items for large storage locations and vice versa, reducing storage efficiency.",Slotting,Medium,Resolved,L2-Technical,"Slotting algorithm missing cubic dimension constraints in location assignment. Fix applied: 1) Updated slotting rules to include cubic dimension validation 2) Added location capacity constraints based on item dimensions 3) Implemented SKU-to-location fit scoring algorithm 4) Reconfigured slotting optimization to maximize storage utilization 5) Added slotting efficiency reporting to monitor space utilization.",2024-04-12 14:35:00,2024-04-13 12:10:00,21.58
TKT-2024-088,TurboShip Logistics,"Proof of delivery (POD) system not capturing delivery confirmation signatures. Electronic signature pad integration failing with 'Device not found' errors at 40% of delivery locations.",Proof of Delivery,High,Resolved,L2-Technical,"POD device driver compatibility issues with updated mobile operating system. Resolution: 1) Updated signature pad device drivers to latest compatible version 2) Reconfigured mobile application settings for signature capture 3) Implemented fallback signature capture methods for device failures 4) Added POD device status monitoring and alerting 5) Trained delivery staff on troubleshooting signature capture issues.",2024-04-11 08:15:00,2024-04-11 17:45:00,9.5
TKT-2024-089,FlexiFlow Warehousing,"Inventory reservation system over-reserving stock for pending orders. Available-to-promise calculations showing negative inventory despite positive on-hand quantities.",Inventory Reservation,High,Resolved,L2-Inventory,"ATP calculation logic error causing double-reservation of allocated inventory. Fix: 1) Identified reservation calculation bug in order allocation engine 2) Updated ATP formulas to properly account for existing reservations 3) Corrected inventory reservation status for affected orders 4) Implemented reservation validation checks to prevent over-allocation 5) Added ATP monitoring dashboard for inventory managers.",2024-04-10 13:50:00,2024-04-11 11:30:00,21.67
TKT-2024-090,RapidTurn Distribution,"Packing slip generation including incorrect order line details. Some line items missing from packing slips while others showing duplicate entries, causing shipping delays.",Packing,Medium,Resolved,L1-Support,"Packing slip report template corruption in order processing system. Solution: 1) Restored packing slip template from verified backup version 2) Updated report generation logic to eliminate duplicate line items 3) Added order line validation checks before packing slip creation 4) Implemented packing slip preview functionality for verification 5) Created packing accuracy monitoring reports.",2024-04-09 10:25:00,2024-04-09 18:40:00,8.25
TKT-2024-091,SmartChain Logistics,"Warehouse capacity planning showing incorrect utilization percentages. System calculating storage utilization based on locations rather than actual cubic capacity usage.",Capacity Planning,Medium,Resolved,L2-Analytics,"Capacity calculation methodology using location count instead of cubic measurements. Fix implemented: 1) Updated capacity calculation algorithms to use cubic volume measurements 2) Reconfigured warehouse layout data to include accurate cubic capacities 3) Implemented location-type specific utilization calculations 4) Added capacity trending analysis for future planning 5) Created warehouse utilization dashboard with cubic and location-based metrics.",2024-04-08 15:40:00,2024-04-09 13:25:00,21.75
TKT-2024-092,EliteDistribution Corp,"Pick list generation not grouping orders by shipping method. Express and standard shipping orders mixed in same pick lists, causing shipping deadline confusion.",Pick List Generation,Medium,Resolved,L1-Support,"Pick list grouping rules not configured for shipping method segregation. Resolution: 1) Updated pick list generation parameters to group by shipping service level 2) Configured separate pick lists for express vs. standard shipments 3) Added shipping deadline visibility on pick lists 4) Implemented pick list prioritization based on ship dates 5) Created shipping method performance tracking reports.",2024-04-07 12:15:00,2024-04-08 08:50:00,20.58
TKT-2024-093,UltraSpeed Warehousing,"Automated guided vehicle (AGV) system showing navigation errors. AGVs taking inefficient paths and occasionally getting stuck at intersection points, reducing throughput by 25%.",Warehouse Automation,Critical,Resolved,L2-Technical,"AGV navigation map data corrupted after recent warehouse layout changes. Fix applied: 1) Updated AGV navigation maps to reflect current warehouse layout 2) Recalibrated AGV positioning sensors and navigation algorithms 3) Optimized traffic flow rules at intersection points 4) Implemented AGV path monitoring and collision avoidance improvements 5) Added AGV performance analytics dashboard for continuous monitoring.",2024-04-06 09:30:00,2024-04-07 16:15:00,30.75
TKT-2024-094,PowerLogistics Inc,"Hazardous material handling system not applying proper shipping restrictions. Hazmat items being included in standard shipments without required documentation and labeling compliance.",Hazmat Compliance,Critical,Resolved,L2-Compliance,"Hazmat validation rules not properly configured in shipping module. Resolution: 1) Updated item master data with correct hazmat classifications 2) Implemented shipping restriction validation for hazardous materials 3) Configured automatic hazmat documentation generation 4) Added hazmat labeling requirements to shipping procedures 5) Created hazmat compliance monitoring and audit trail reporting.",2024-04-05 14:20:00,2024-04-06 12:45:00,22.42
TKT-2024-095,NextLevel Distribution,"Batch picking system not maintaining pick accuracy across multiple orders. Error rates increasing to 8% when processing batches larger than 10 orders simultaneously.",Batch Picking,High,Resolved,L2-WMS,"Batch size optimization needed for maintaining pick accuracy standards. Solution: 1) Analyzed pick accuracy correlation with batch sizes 2) Implemented dynamic batch sizing based on order complexity 3) Updated batch picking procedures to include accuracy checkpoints 4) Added pick verification steps for large batch operations 5) Created batch performance monitoring with accuracy tracking.",2024-04-04 11:10:00,2024-04-05 09:35:00,22.42
TKT-2024-096,StreamFlow Logistics,"Dock door assignment system creating inefficient unloading sequences. Mixed pallet types being assigned to same dock doors, requiring additional material handling equipment.",Dock Management,Medium,Resolved,L1-Support,"Dock assignment algorithm not considering freight type compatibility. Fix: 1) Updated dock assignment rules to segregate freight types 2) Configured dock door specialization for different trailer types 3) Implemented material handling equipment scheduling integration 4) Added dock utilization optimization for trailer type mixing 5) Created dock efficiency monitoring dashboard.",2024-04-03 16:45:00,2024-04-04 14:20:00,21.58
TKT-2024-097,ProActive Warehousing,"Serial number tracking losing trace records during picking operations. Serial number genealogy breaking when items picked for multiple orders from same lot.",Serial Tracking,High,Resolved,L2-Technical,"Serial number allocation logic not maintaining proper tracking during order fulfillment. Resolution: 1) Updated serial number allocation procedures to preserve tracking chain 2) Implemented serial number reservation system for order picking 3) Added serial number validation checks during pick confirmation 4) Created serial number traceability reporting for compliance 5) Enhanced serial number search and tracking capabilities.",2024-04-02 13:25:00,2024-04-03 10:15:00,20.83
TKT-2024-098,MaxThroughput Corp,"Conveyor control system experiencing intermittent jams at merge points. Sensor calibration issues causing packages to collide at intersection conveyors, disrupting automated sorting.",Conveyor Systems,Critical,Resolved,L2-Technical,"Conveyor sensor timing calibration drift causing package collision issues. Fix implemented: 1) Recalibrated all conveyor sensors at merge points 2) Updated conveyor control logic with improved timing parameters 3) Implemented predictive maintenance scheduling for conveyor sensors 4) Added conveyor jam monitoring and automatic clearing procedures 5) Created conveyor performance analytics dashboard.",2024-04-01 07:20:00,2024-04-01 19:30:00,12.17
TKT-2024-099,OptimizedSupply LLC,"Vendor portal integration not syncing purchase order acknowledgments. Vendors unable to confirm receipt of POs through portal, causing order status discrepancies.",Vendor Portal,Medium,Resolved,L2-Integration,"Vendor portal API integration missing acknowledgment workflow. Solution: 1) Repaired API endpoints for purchase order acknowledgment processing 2) Updated vendor portal interface to display PO confirmation options 3) Implemented automatic email notifications for PO acknowledgments 4) Added PO status tracking dashboard for procurement team 5) Created vendor portal usage monitoring and support procedures.",2024-03-31 12:40:00,2024-04-01 15:55:00,27.25